Potential/V,Current/A,参比电压,参比电流,Column_5,Tafel 斜率用横坐标,截取横坐标为0.5-1.2的数据,Column_9
0.1,0.001734,1.0268,1.734,,0.239049093140191,0.503382063473733,1.3018
0.101,0.001674,1.0278,1.674,,0.223755453657241,0.511348515490213,1.3028
0.102,0.001618,1.0288,1.618,,0.208978517276254,0.525044807036845,1.3038
0.103,0.001565,1.0298,1.565,,0.194514341882467,0.54082981411108,1.3048
0.104,0.001515,1.0308,1.515,,0.180412632838324,0.555094448578319,1.3058
0.105,0.001471,1.0318,1.471,,0.16761267272753,0.571475903681944,1.3068
0.106,0.001428,1.0328,1.428,,0.154728207440156,0.586362223307866,1.3078
0.107,0.001392,1.0338,1.392,,0.143639235274543,0.603144372620182,1.3088
0.108,0.00135,1.0348,1.35,,0.130333768495006,0.618361931109878,1.3098
0.109,0.001312,1.0358,1.312,,0.117933835039641,0.635483746814912,1.3108
0.11,0.001276,1.0368,1.276,,0.105850674385144,0.651084089243012,1.3118
0.111,0.001248,1.0378,1.248,,0.0962145853464052,0.668199484198662,1.3128
0.112,0.001222,1.0388,1.222,,0.0870712059065354,0.683857205400346,1.3138
0.113,0.001202,1.0398,1.202,,0.0799044676667207,0.700876708376904,1.3148
0.114,0.001177,1.0408,1.177,,0.0707764628434347,0.716670975560136,1.3158
0.115,0.001156,1.0418,1.156,,0.0629578340845102,0.733678655677088,1.3168
0.116,0.001135,1.0428,1.135,,0.0549958615291415,0.749504423876142,1.3178
0.117,0.001117,1.0438,1.117,,0.0480531731156091,0.766635886310267,1.3188
0.118,0.001098,1.0448,1.098,,0.0406023401140731,0.782329268996837,1.3198
0.119,0.00108,1.0458,1.08,,0.0334237554869497,0.799133693302063,1.3208
0.12,0.001062,1.0468,1.062,,0.0261245167454503,0.814780145745805,1.3218
0.121,0.001048,1.0478,1.048,,0.0203612826477079,0.831421817065022,1.3228
0.122,0.001033,1.0488,1.033,,0.0141003215196206,0.846831752823257,1.3238
0.123,0.00102,1.0498,1.02,,0.00860017176191757,0.863144346252667,1.3248
0.124,0.001004,1.0508,1.004,,0.00173371280900053,0.878176980491506,1.3258
0.125,0.0009923,1.0518,0.9923,,-0.00335700864452754,0.894149846767922,1.3268
0.126,0.0009787,1.0528,0.9787,,-0.00935041168114554,0.909020854211156,1.3278
0.127,0.0009676,1.0538,0.9676,,-0.0143041403101579,0.924692703020186,1.3288
0.128,0.0009544,1.0548,0.9544,,-0.0202695693377145,0.939319531078238,1.3298
0.129,0.0009444,1.0558,0.9444,,-0.0248440215933106,0.954580162743757,1.3308
0.13,0.0009329,1.0568,0.9329,,-0.0301649069242026,0.968763048197249,1.3318
0.131,0.0009245,1.0578,0.9245,,-0.0340930845048081,0.983536081602992,1.3328
0.132,0.0009128,1.0588,0.9128,,-0.0396243685898418,0.997255289820103,1.3338
0.133,0.0009042,1.0598,0.9042,,-0.0437354973017246,1.01157044359728,1.3348
0.134,0.0008941,1.0608,0.8941,,-0.0486139051197072,1.02489596010748,1.3358
0.135,0.0008873,1.0618,0.8873,,-0.0519295184810588,1.0386201619497,1.3368
0.136,0.0008781,1.0628,0.8781,,-0.0564560228465456,1.05153839051533,1.3378
0.137,0.0008715,1.0638,0.8715,,-0.059732608553988,1.06483221973857,1.3388
0.138,0.0008614,1.0648,0.8614,,-0.0647951325734187,1.07736790528416,1.3398
0.139,0.0008552,1.0658,0.8552,,-0.0679323077992784,1.09025805293132,1.3408
0.14,0.0008474,1.0668,0.8474,,-0.0719115403350292,1.10243370568134,1.3418
0.141,0.0008425,1.0678,0.8425,,-0.0744300904566238,1.11461098423217,1.3428
0.142,0.0008346,1.0688,0.8346,,-0.07852161962431,1.1264561134318,1.3438
0.143,0.0008294,1.0698,0.8294,,-0.0812359689720009,1.13830269816628,1.3448
0.144,0.0008217,1.0708,0.8217,,-0.0852867130263762,1.14952701375435,1.3458
0.145,0.0008176,1.0718,0.8176,,-0.0874591172093625,1.16106838547117,1.3468
0.146,0.0008105,1.0728,0.8105,,-0.0912469808154663,1.17172645365323,1.3478
0.147,0.0008066,1.0738,0.8066,,-0.0933417823284002,1.18269990333604,1.3488
0.148,0.0007996,1.0748,0.7996,,-0.0971272145539207,1.19312459835446,1.3498
0.149,0.0007961,1.0758,0.7961,,-0.0990323760808757,1.20384846374623,1.3508
0.15,0.0007899,1.0768,0.7899,,-0.102427886174269,,
0.151,0.0007869,1.0778,0.7869,,-0.104080454689984,,
0.152,0.0007807,1.0788,0.7807,,-0.107515820635312,,
0.153,0.0007776,1.0798,0.7776,,-0.109243748081782,,
0.154,0.0007725,1.0808,0.7725,,-0.112101511903128,,
0.155,0.0007707,1.0818,0.7707,,-0.113114641013991,,
0.156,0.0007657,1.0828,0.7657,,-0.115941352906062,,
0.157,0.0007627,1.0838,0.7627,,-0.117646253611286,,
0.158,0.0007581,1.0848,0.7581,,-0.120273503360423,,
0.159,0.000756,1.0858,0.756,,-0.121478204498793,,
0.16,0.0007518,1.0868,0.7518,,-0.123897678622206,,
0.161,0.0007501,1.0878,0.7501,,-0.124880834537432,,
0.162,0.000746,1.0888,0.746,,-0.127261172527331,,
0.163,0.0007439,1.0898,0.7439,,-0.128485441291618,,
0.164,0.0007411,1.0908,0.7411,,-0.130123186733233,,
0.165,0.0007397,1.0918,0.7397,,-0.130944381298092,,
0.166,0.0007348,1.0928,0.7348,,-0.133830852366229,,
0.167,0.000733,1.0938,0.733,,-0.134896025358872,,
0.168,0.0007297,1.0948,0.7297,,-0.136855653747333,,
0.169,0.0007297,1.0958,0.7297,,-0.136855653747333,,
0.17,0.0007273,1.0968,0.7273,,-0.138286412428566,,
0.171,0.0007266,1.0978,0.7266,,-0.138704606473304,,
0.172,0.000723,1.0988,0.723,,-0.140861702705469,,
0.173,0.0007235,1.0998,0.7235,,-0.140561464544944,,
0.174,0.0007215,1.1008,0.7215,,-0.141763664570487,,
0.175,0.0007216,1.1018,0.7216,,-0.141703475466115,,
0.176,0.0007189,1.1028,0.7189,,-0.143331516388465,,
0.177,0.0007188,1.1038,0.7188,,-0.143391931563064,,
0.178,0.000717,1.1048,0.717,,-0.1444808443322,,
0.179,0.0007169,1.1058,0.7169,,-0.144541419613964,,
0.18,0.0007142,1.1068,0.7142,,-0.146180154143237,,
0.181,0.000714,1.1078,0.714,,-0.146301788223826,,
0.182,0.0007134,1.1088,0.7134,,-0.146666894997665,,
0.183,0.0007149,1.1098,0.7149,,-0.145754702933881,,
0.184,0.000714,1.1108,0.714,,-0.146301788223826,,
0.185,0.0007136,1.1118,0.7136,,-0.146545158631933,,
0.186,0.0007124,1.1128,0.7124,,-0.147276089208794,,
0.187,0.0007136,1.1138,0.7136,,-0.146545158631933,,
0.188,0.0007135,1.1148,0.7135,,-0.146606022549334,,
0.189,0.0007145,1.1158,0.7145,,-0.145997766873011,,
0.19,0.0007128,1.1168,0.7128,,-0.147032308971182,,
0.191,0.0007138,1.1178,0.7138,,-0.146423456380358,,
0.192,0.0007142,1.1188,0.7142,,-0.146180154143237,,
0.193,0.0007162,1.1198,0.7162,,-0.144965683324116,,
0.194,0.0007151,1.1208,0.7151,,-0.14563322195913,,
0.195,0.0007162,1.1218,0.7162,,-0.144965683324116,,
0.196,0.0007147,1.1228,0.7147,,-0.145876217898833,,
0.197,0.0007168,1.1238,0.7168,,-0.144602003345931,,
0.198,0.0007167,1.1248,0.7167,,-0.14466259553046,,
0.199,0.0007179,1.1258,0.7179,,-0.1439360466669,,
0.2,0.0007165,1.1268,0.7165,,-0.144783805266637,,
0.201,0.0007181,1.1278,0.7181,,-0.14381507327283,,
0.202,0.0007179,1.1288,0.7179,,-0.1439360466669,,
0.203,0.00072,1.1298,0.72,,-0.142667503568731,,
0.204,0.0007196,1.1308,0.7196,,-0.142908845326486,,
0.205,0.0007208,1.1318,0.7208,,-0.142185222028993,,
0.206,0.0007211,1.1328,0.7211,,-0.142004504439076,,
0.207,0.0007232,1.1338,0.7232,,-0.140741582532693,,
0.208,0.0007236,1.1348,0.7236,,-0.140501441812224,,
0.209,0.0007248,1.1358,0.7248,,-0.139781815331243,,
0.21,0.0007248,1.1368,0.7248,,-0.139781815331243,,
0.211,0.0007268,1.1378,0.7268,,-0.138585081364003,,
0.212,0.0007279,1.1388,0.7279,,-0.137928280620006,,
0.213,0.0007298,1.1398,0.7298,,-0.136796140971371,,
0.214,0.0007291,1.1408,0.7291,,-0.137212901764656,,
0.215,0.0007306,1.1418,0.7306,,-0.136320332124102,,
0.216,0.0007303,1.1428,0.7303,,-0.13649869935855,,
0.217,0.0007322,1.1438,0.7322,,-0.135370275454488,,
0.218,0.0007317,1.1448,0.7317,,-0.135666944966607,,
0.219,0.0007331,1.1458,0.7331,,-0.134836780493914,,
0.22,0.0007326,1.1468,0.7326,,-0.135133085671474,,
0.221,0.0007352,1.1478,0.7352,,-0.133594501621945,,
0.222,0.0007355,1.1488,0.7355,,-0.133417322936451,,
0.223,0.0007376,1.1498,0.7376,,-0.132179091954427,,
0.224,0.0007375,1.1508,0.7375,,-0.132237975349799,,
0.225,0.0007397,1.1518,0.7397,,-0.130944381298092,,
0.226,0.0007397,1.1528,0.7397,,-0.130944381298092,,
0.227,0.0007416,1.1538,0.7416,,-0.129830278863559,,
0.228,0.0007418,1.1548,0.7418,,-0.129713171007409,,
0.229,0.0007438,1.1558,0.7438,,-0.128543825977046,,
0.23,0.0007447,1.1568,0.7447,,-0.128018646156631,,
0.231,0.0007463,1.1578,0.7463,,-0.127086558379605,,
0.232,0.0007466,1.1588,0.7466,,-0.126912014409714,,
0.233,0.0007468,1.1598,0.7468,,-0.126795690722959,,
0.234,0.000747,1.1608,0.747,,-0.126679398184601,,
0.235,0.0007482,1.1618,0.7482,,-0.125982296137814,,
0.236,0.0007489,1.1628,0.7489,,-0.125576169413498,,
0.237,0.00075,1.1638,0.75,,-0.1249387366083,,
0.238,0.0007504,1.1648,0.7504,,-0.124707174628992,,
0.239,0.0007516,1.1658,0.7516,,-0.124013228571512,,
0.24,0.0007528,1.1668,0.7528,,-0.123320389580799,,
0.241,0.0007543,1.1678,0.7543,,-0.122455892284056,,
0.242,0.0007546,1.1688,0.7546,,-0.122283199135023,,
0.243,0.0007563,1.1698,0.7563,,-0.121305899603892,,
0.244,0.0007569,1.1708,0.7569,,-0.120961494762763,,
0.245,0.0007595,1.1718,0.7595,,-0.119472221801195,,
0.246,0.000761,1.1728,0.761,,-0.118615343229427,,
0.247,0.0007624,1.1738,0.7624,,-0.11781711236973,,
0.248,0.0007632,1.1748,0.7632,,-0.117361638303961,,
0.249,0.0007648,1.1758,0.7648,,-0.116452120731956,,
0.25,0.0007666,1.1768,0.7666,,-0.115431185081667,,
0.251,0.0007689,1.1778,0.7689,,-0.114130139096094,,
0.252,0.0007701,1.1788,0.7701,,-0.113452876608894,,
0.253,0.0007715,1.1798,0.7715,,-0.112664069600833,,
0.254,0.0007734,1.1808,0.7734,,-0.111595832262953,,
0.255,0.0007747,1.1818,0.7747,,-0.110866444033276,,
0.256,0.0007759,1.1828,0.7759,,-0.110194248131915,,
0.257,0.0007769,1.1838,0.7769,,-0.109634878551876,,
0.258,0.0007785,1.1848,0.7785,,-0.108741383095861,,
0.259,0.0007808,1.1858,0.7808,,-0.107460195341365,,
0.26,0.0007837,1.1868,0.7837,,-0.105850153232078,,
0.261,0.0007851,1.1878,0.7851,,-0.105075022640457,,
0.262,0.0007865,1.1888,0.7865,,-0.104301273040694,,
0.263,0.000789,1.1898,0.789,,-0.10292299679058,,
0.264,0.0007925,1.1908,0.7925,,-0.101000729110211,,
0.265,0.0007951,1.1918,0.7951,,-0.0995782465422624,,
0.266,0.000797,1.1928,0.797,,-0.0985416786038877,,
0.267,0.000799,1.1938,0.799,,-0.0974532206860086,,
0.268,0.0008012,1.1948,0.8012,,-0.0962590593784614,,
0.269,0.0008043,1.1958,0.8043,,-0.094581931297458,,
0.27,0.0008061,1.1968,0.8061,,-0.0936110788471691,,
0.271,0.0008079,1.1978,0.8079,,-0.0926423918688272,,
0.272,0.0008103,1.1988,0.8103,,-0.0913541610928867,,
0.273,0.0008142,1.1998,0.8142,,-0.0892689019566193,,
0.274,0.0008182,1.2008,0.8182,,-0.087140524837645,,
0.275,0.0008207,1.2018,0.8207,,-0.0858155665767536,,
0.276,0.0008228,1.2028,0.8228,,-0.0847057169773135,,
0.277,0.0008253,1.2038,0.8253,,-0.0833881548906541,,
0.278,0.0008302,1.2048,0.8302,,-0.0808172709574993,,
0.279,0.0008333,1.2058,0.8333,,-0.0791986181743458,,
0.28,0.0008374,1.2068,0.8374,,-0.0770670434447884,,
0.281,0.0008391,1.2078,0.8391,,-0.0761862789088103,,
0.282,0.0008431,1.2088,0.8431,,-0.0741209106984992,,
0.283,0.0008466,1.2098,0.8466,,-0.0723217358620085,,
0.284,0.0008508,1.2108,0.8508,,-0.0701725187693086,,
0.285,0.0008527,1.2118,0.8527,,-0.0692037370166998,,
0.286,0.0008573,1.2128,0.8573,,-0.0668671762732657,,
0.287,0.0008604,1.2138,0.8604,,-0.0652995982845751,,
0.288,0.0008664,1.2148,0.8664,,-0.062281556382736,,
0.289,0.0008701,1.2158,0.8701,,-0.0604308313440984,,
0.29,0.0008742,1.2168,0.8742,,-0.0583891978463662,,
0.291,0.0008786,1.2178,0.8786,,-0.0562088010706984,,
0.292,0.0008856,1.2188,0.8856,,-0.0527623921293336,,
0.293,0.0008898,1.2198,0.8898,,-0.0507075985879743,,
0.294,0.0008963,1.2208,0.8963,,-0.0475466035769667,,
0.295,0.0008986,1.2218,0.8986,,-0.0464335857429934,,
0.296,0.0009049,1.2228,0.9049,,-0.0433994117868233,,
0.297,0.0009098,1.2238,0.9098,,-0.0410540675060636,,
0.298,0.0009168,1.2248,0.9168,,-0.0377253953766853,,
0.299,0.0009196,1.2258,0.9196,,-0.0364010374027586,,
0.3,0.0009259,1.2268,0.9259,,-0.0334359159026896,,
0.301,0.0009307,1.2278,0.9307,,-0.0311902860871418,,
0.302,0.0009386,1.2288,0.9386,,-0.0275194501235241,,
0.303,0.0009439,1.2298,0.9439,,-0.0250740139102376,,
0.304,0.0009513,1.2308,0.9513,,-0.0216825032532489,,
0.305,0.0009547,1.2318,0.9547,,-0.0201330774350972,,
0.306,0.0009629,1.2328,0.9629,,-0.0164188132942093,,
0.307,0.0009677,1.2338,0.9677,,-0.0142592589499254,,
0.308,0.0009756,1.2348,0.9756,,-0.010728208358307,,
0.309,0.00098,1.2358,0.98,,-0.00877392430750515,,
0.31,0.0009891,1.2368,0.9891,,-0.00475979813718462,,
0.311,0.000995,1.2378,0.995,,-0.00217691925427455,,
0.312,0.001004,1.2388,1.004,,0.00173371280900053,,
0.313,0.001008,1.2398,1.008,,0.00346053210950649,,
0.314,0.001015,1.2408,1.015,,0.00646604224923178,,
0.315,0.00102,1.2418,1.02,,0.00860017176191757,,
0.316,0.001032,1.2428,1.032,,0.0136796972911926,,
0.317,0.001039,1.2438,1.039,,0.0166155475571774,,
0.318,0.00105,1.2448,1.05,,0.0211892990699381,,
0.319,0.001057,1.2458,1.057,,0.0240749873074262,,
0.32,0.001068,1.2468,1.068,,0.0285712526925375,,
0.321,0.001076,1.2478,1.076,,0.0318122713303703,,
0.322,0.001088,1.2488,1.088,,0.0366288953621611,,
0.323,0.001094,1.2498,1.094,,0.0390173219974119,,
0.324,0.001106,1.2508,1.106,,0.0437551269686795,,
0.325,0.001114,1.2518,1.114,,0.04688519083771,,
0.326,0.001129,1.2528,1.129,,0.0526939419249679,,
0.327,0.001137,1.2538,1.137,,0.0557604646877348,,
0.328,0.00115,1.2548,1.15,,0.0606978403536116,,
0.329,0.001158,1.2558,1.158,,0.0637085593914174,,
0.33,0.001174,1.2568,1.174,,0.0696680969115956,,
0.331,0.001185,1.2578,1.185,,0.0737183503461227,,
0.332,0.0012,1.2588,1.2,,0.0791812460476248,,
0.333,0.00121,1.2598,1.21,,0.0827853703164501,,
0.334,0.001226,1.2608,1.226,,0.0884904701823963,,
0.335,0.001238,1.2618,1.238,,0.0927206446840992,,
0.336,0.001256,1.2628,1.256,,0.0989896394011773,,
0.337,0.001268,1.2638,1.268,,0.103119253545714,,
0.338,0.001285,1.2648,1.285,,0.108903127667313,,
0.339,0.001299,1.2658,1.299,,0.113609151073028,,
0.34,0.00132,1.2668,1.32,,0.12057393120585,,
0.341,0.001335,1.2678,1.335,,0.125481265700594,,
0.342,0.001354,1.2688,1.354,,0.131618664349125,,
0.343,0.001368,1.2698,1.368,,0.136086097384097,,
0.344,0.001391,1.2708,1.391,,0.143327129992046,,
0.345,0.00141,1.2718,1.41,,0.14921911265538,,
0.346,0.001434,1.2728,1.434,,0.156549151331781,,
0.347,0.001451,1.2738,1.451,,0.161667412437736,,
0.348,0.001476,1.2748,1.476,,0.169086357487023,,
0.349,0.001498,1.2758,1.498,,0.175511813363448,,
0.35,0.00153,1.2768,1.53,,0.184691430817599,,
0.351,0.001553,1.2778,1.553,,0.191171455728559,,
0.352,0.001582,1.2788,1.582,,0.199206479161658,,
0.353,0.001606,1.2798,1.606,,0.205745540942662,,
0.354,0.001641,1.2808,1.641,,0.215108581053093,,
0.355,0.00167,1.2818,1.67,,0.222716471147583,,
0.356,0.001708,1.2828,1.708,,0.232487866352986,,
0.357,0.001738,1.2838,1.738,,0.240049772112648,,
0.358,0.001778,1.2848,1.778,,0.249931756634195,,
0.359,0.001814,1.2858,1.814,,0.258637282724076,,
0.36,0.001858,1.2868,1.858,,0.269045709657623,,
0.361,0.001894,1.2878,1.894,,0.277379974667255,,
0.362,0.001941,1.2888,1.941,,0.288025535388363,,
0.363,0.001984,1.2898,1.984,,0.29754166781816,,
0.364,0.002041,1.2908,2.041,,0.309843004716071,,
0.365,0.00209,1.2918,2.09,,0.320146286111054,,
0.366,0.002145,1.2928,2.145,,0.331427296520743,,
0.367,0.002196,1.2938,2.196,,0.341632335778054,,
0.368,0.002262,1.2948,2.262,,0.354492600589436,,
0.369,0.002323,1.2958,2.323,,0.366049209800235,,
0.37,0.002356,1.2968,2.356,,0.372175286115064,,
0.371,0.002481,1.2978,2.481,,0.394626764272209,,
0.372,0.002668,1.2988,2.668,,0.426185825244511,,
0.373,0.002863,1.2998,2.863,,0.456821348021599,,
0.374,0.003056,1.3008,3.056,,0.485153349903652,,
0.375,0.003187,1.3018,3.187,,0.503382063473733,,
0.376,0.003246,1.3028,3.246,,0.511348515490213,,
0.377,0.00335,1.3038,3.35,,0.525044807036845,,
0.378,0.003474,1.3048,3.474,,0.54082981411108,,
0.379,0.00359,1.3058,3.59,,0.555094448578319,,
0.38,0.003728,1.3068,3.728,,0.571475903681944,,
0.381,0.003858,1.3078,3.858,,0.586362223307866,,
0.382,0.00401,1.3088,4.01,,0.603144372620182,,
0.383,0.004153,1.3098,4.153,,0.618361931109878,,
0.384,0.00432,1.3108,4.32,,0.635483746814912,,
0.385,0.004478,1.3118,4.478,,0.651084089243012,,
0.386,0.004658,1.3128,4.658,,0.668199484198662,,
0.387,0.004829,1.3138,4.829,,0.683857205400346,,
0.388,0.005022,1.3148,5.022,,0.700876708376904,,
0.389,0.005208,1.3158,5.208,,0.716670975560136,,
0.39,0.005416,1.3168,5.416,,0.733678655677088,,
0.391,0.005617,1.3178,5.617,,0.749504423876142,,
0.392,0.005843,1.3188,5.843,,0.766635886310267,,
0.393,0.006058,1.3198,6.058,,0.782329268996837,,
0.394,0.006297,1.3208,6.297,,0.799133693302063,,
0.395,0.006528,1.3218,6.528,,0.814780145745805,,
0.396,0.006783,1.3228,6.783,,0.831421817065022,,
0.397,0.007028,1.3238,7.028,,0.846831752823257,,
0.398,0.007297,1.3248,7.297,,0.863144346252667,,
0.399,0.007554,1.3258,7.554,,0.878176980491506,,
0.4,0.007837,1.3268,7.837,,0.894149846767922,,
0.401,0.00811,1.3278,8.11,,0.909020854211156,,
0.402,0.008408,1.3288,8.408,,0.924692703020186,,
0.403,0.008696,1.3298,8.696,,0.939319531078238,,
0.404,0.009007,1.3308,9.007,,0.954580162743757,,
0.405,0.009306,1.3318,9.306,,0.968763048197249,,
0.406,0.009628,1.3328,9.628,过电位,0.983536081602992,,
0.407,0.009937,1.3338,9.937,0.1038,0.997255289820103,,
0.408,0.01027,1.3348,10.27,,1.01157044359728,,
0.409,0.01059,1.3358,10.59,,1.02489596010748,,
0.41,0.01093,1.3368,10.93,,1.0386201619497,,
0.411,0.01126,1.3378,11.26,,1.05153839051533,,
0.412,0.01161,1.3388,11.61,,1.06483221973857,,
0.413,0.01195,1.3398,11.95,,1.07736790528416,,
0.414,0.01231,1.3408,12.31,,1.09025805293132,,
0.415,0.01266,1.3418,12.66,,1.10243370568134,,
0.416,0.01302,1.3428,13.02,,1.11461098423217,,
0.417,0.01338,1.3438,13.38,,1.1264561134318,,
0.418,0.01375,1.3448,13.75,,1.13830269816628,,
0.419,0.01411,1.3458,14.11,,1.14952701375435,,
0.42,0.01449,1.3468,14.49,,1.16106838547117,,
0.421,0.01485,1.3478,14.85,,1.17172645365323,,
0.422,0.01523,1.3488,15.23,,1.18269990333604,,
0.423,0.0156,1.3498,15.6,,1.19312459835446,,
0.424,0.01599,1.3508,15.99,,1.20384846374623,,
0.425,0.01636,1.3518,16.36,,1.2137832993353,,
0.426,0.01675,1.3528,16.75,,1.22401481137286,,
0.427,0.01712,1.3538,17.12,,1.23350376034113,,
0.428,0.01751,1.3548,17.51,,1.24328614608345,,
0.429,0.01789,1.3558,17.89,,1.25261034056737,,
0.43,0.01828,1.3568,18.28,,1.26197619139781,,
0.431,0.01866,1.3578,18.66,,1.27091163941048,,
0.432,0.01906,1.3588,19.06,,1.28012289630231,,
0.433,0.01944,1.3598,19.44,,1.28869626059026,,
0.434,0.01984,1.3608,19.84,,1.29754166781816,,
0.435,0.02022,1.3618,20.22,,1.30578115125498,,
0.436,0.02061,1.3628,20.61,,1.31407799177921,,
0.437,0.021,1.3638,21.0,,1.32221929473392,,
0.438,0.02139,1.3648,21.39,,1.33021078457153,,
0.439,0.02178,1.3658,21.78,,1.33805787541976,,
0.44,0.02217,1.3668,22.17,,1.34576569311449,,
0.441,0.02256,1.3678,22.56,,1.3533390953113,,
0.442,0.02295,1.3688,22.95,,1.36078268987328,,
0.443,0.02333,1.3698,23.33,,1.36791473879375,,
0.444,0.02373,1.3708,23.73,,1.37529773821734,,
0.445,0.02411,1.3718,24.11,,1.38219721037745,,
0.446,0.0245,1.3728,24.5,,1.38916608436453,,
0.447,0.02489,1.3738,24.89,,1.39602489660859,,
0.448,0.02528,1.3748,25.28,,1.40277706961035,,
0.449,0.02566,1.3758,25.66,,1.40925665203891,,
0.45,0.02605,1.3768,26.05,,1.41580772763554,,
0.451,0.02644,1.3778,26.44,,1.4222614508136,,
0.452,0.02683,1.3788,26.83,,1.42862067267194,,
0.453,0.02721,1.3798,27.21,,1.43472854177976,,
0.454,0.02759,1.3808,27.59,,1.44075170047919,,
0.455,0.02798,1.3818,27.98,,1.44684771015581,,
0.456,0.02836,1.3828,28.36,,1.45270622651103,,
0.457,0.02875,1.3838,28.75,,1.45863784902565,,
0.458,0.02911,1.3848,29.11,,1.46404220543881,,
0.459,0.02953,1.3858,29.53,,1.47026344696508,,
0.46,0.03,1.3868,30.0,,1.47712125471966,,
0.461,0.03048,1.3878,30.48,,1.48401496266756,,
0.462,0.03094,1.3888,30.94,,1.49052030936335,,
0.463,0.03135,1.3898,31.35,,1.49623754516674,,
0.464,0.03171,1.3908,31.71,,1.50119624202709,,
0.465,0.0321,1.3918,32.1,,1.50650503240487,,
0.466,0.03248,1.3928,32.48,,1.51161602056914,,
0.467,0.03287,1.3938,32.87,,1.51679970408162,,
0.468,0.03325,1.3948,33.25,,1.52179164963912,,
0.469,0.03364,1.3958,33.64,,1.52685598712587,,
0.47,0.03403,1.3968,34.03,,1.53186194909581,,
0.471,0.03442,1.3978,34.42,,1.53681086599154,,
0.472,0.03479,1.3988,34.79,,1.54145442874759,,
0.473,0.03519,1.3998,35.19,,1.54641926683519,,
0.474,0.03557,1.4008,35.57,,1.55108386518578,,
0.475,0.03596,1.4018,35.96,,1.55581968306119,,
0.476,0.03634,1.4028,36.34,,1.56038492297202,,
0.477,0.03672,1.4038,36.72,,1.5649026725292,,
0.478,0.03708,1.4048,37.08,,1.56913972547246,,
0.479,0.03746,1.4058,37.46,,1.57356777303922,,
0.48,0.03783,1.4068,37.83,,1.57783634129274,,
0.481,0.03822,1.4078,38.22,,1.58229068271899,,
0.482,0.03859,1.4088,38.59,,1.5864747785714,,
0.483,0.03898,1.4098,38.98,,1.5908418347816,,
0.484,0.03935,1.4108,39.35,,1.59494473669508,,
0.485,0.03973,1.4118,39.73,,1.59911856505536,,
0.486,0.0401,1.4128,40.1,,1.60314437262018,,
0.487,0.04049,1.4138,40.49,,1.60734777676841,,
0.488,0.04086,1.4148,40.86,,1.61129836229643,,
0.489,0.04125,1.4158,41.25,,1.61542395288594,,
0.49,0.04162,1.4168,41.62,,1.61930207587561,,
0.491,0.042,1.4178,42.0,,1.6232492903979,,
0.492,0.04237,1.4188,42.37,,1.62705846400099,,
0.493,0.04276,1.4198,42.76,,1.63103769653674,,
0.494,0.04311,1.4208,43.11,,1.63457802285389,,
0.495,0.04348,1.4218,43.48,,1.63828953541426,,
0.496,0.04384,1.4228,43.84,,1.64187054547631,,
0.497,0.04421,1.4238,44.21,,1.64552051490587,,
0.498,0.04458,1.4248,44.58,,1.64914006414422,,
0.499,0.04497,1.4258,44.97,,1.65292288756794,,
0.5,0.04532,1.4268,45.32,,1.65628990119136,,
0.501,0.0457,1.4278,45.7,,1.65991620006985,,
0.502,0.04605,1.4288,46.05,,1.66322963453287,,
0.503,0.04642,1.4298,46.42,,1.6667051361199,,
0.504,0.04677,1.4308,46.77,,1.6699673699085,,
0.505,0.04713,1.4318,47.13,,1.67329743975964,,
0.506,0.04748,1.4328,47.48,,1.67651071028255,,
0.507,0.04786,1.4338,47.86,,1.67997269427742,,
0.508,0.04821,1.4348,48.21,,1.68313713148301,,
0.509,0.0486,1.4358,48.6,,1.68663626926229,,
0.51,0.04895,1.4368,48.95,,1.68975269613916,,
0.511,0.04932,1.4378,49.32,,1.69302306792369,,
0.512,0.04968,1.4388,49.68,,1.69618158716852,,
0.513,0.05005,1.4398,50.05,,1.69940408181534,,
0.514,0.05041,1.4408,50.41,,1.70251669743815,,
0.515,0.05078,1.4418,50.78,,1.7056926965377,,
0.516,0.05113,1.4428,51.13,,1.70867579272654,,
0.517,0.0515,1.4438,51.5,,1.71180722904119,,
0.518,0.05186,1.4448,51.86,,1.71483251243333,,
0.519,0.05223,1.4458,52.23,,1.71792002583699,,
0.52,0.05258,1.4468,52.58,,1.72082058177034,,
0.521,0.05296,1.4478,52.96,,1.72394797643164,,
0.522,0.0533,1.4488,53.3,,1.72672720902657,,
0.523,0.05368,1.4498,53.68,,1.72981250716094,,
0.524,0.05404,1.4508,54.04,,1.73271534034999,,
0.525,0.05442,1.4518,54.42,,1.73575853744374,,
0.526,0.05478,1.4528,54.78,,1.73862202791794,,
0.527,0.05515,1.4538,55.15,,1.74154551677621,,
0.528,0.0555,1.4548,55.5,,1.74429298312268,,
0.529,0.05585,1.4558,55.85,,1.74702317745163,,
0.53,0.05617,1.4568,56.17,,1.74950442387614,,
0.531,0.05652,1.4578,56.52,,1.75220215317652,,
0.532,0.05685,1.4588,56.85,,1.75473046902375,,
0.533,0.05721,1.4598,57.21,,1.75747194776567,,
0.534,0.05756,1.4608,57.56,,1.76012078526457,,
0.535,0.05793,1.4618,57.93,,1.76290352849906,,
0.536,0.05826,1.4628,58.26,,1.76537048029165,,
0.537,0.05863,1.4638,58.63,,1.7681198941848,,
0.538,0.05896,1.4648,58.96,,1.770557474851,,
0.539,0.05932,1.4658,59.32,,1.77320114235634,,
0.54,0.05965,1.4668,59.65,,1.77561044800636,,
0.541,0.06001,1.4678,60.01,,1.7782236267661,,
0.542,0.06035,1.4688,60.35,,1.78067727443337,,
0.543,0.0607,1.4698,60.7,,1.78318869107526,,
0.544,0.06105,1.4708,61.05,,1.7856856682809,,
0.545,0.0614,1.4718,61.4,,1.78816837114117,,
0.546,0.06174,1.4728,61.74,,1.79056662514608,,
0.547,0.06209,1.4738,62.09,,1.79302165984598,,
0.548,0.06241,1.4748,62.41,,1.79525418258088,,
0.549,0.06275,1.4758,62.75,,1.79761373015308,,
0.55,0.06308,1.4768,63.08,,1.79989168465687,,
0.551,0.06342,1.4778,63.42,,1.80222623769107,,
0.552,0.06376,1.4788,63.76,,1.80454830838806,,
0.553,0.06411,1.4798,64.11,,1.80692577688373,,
0.554,0.06443,1.4808,64.43,,1.80908813134635,,
0.555,0.06477,1.4818,64.77,,1.81137389705389,,
0.556,0.06509,1.4828,65.09,,1.81351427154188,,
0.557,0.06543,1.4838,65.43,,1.81577692029836,,
0.558,0.06574,1.4848,65.74,,1.81782969974561,,
0.559,0.06609,1.4858,66.09,,1.82013575187043,,
0.56,0.06641,1.4868,66.41,,1.82223348023884,,
0.561,0.06675,1.4878,66.75,,1.82445127003661,,
0.562,0.06708,1.4888,67.08,,1.82659305393405,,
0.563,0.06742,1.4898,67.42,,1.82878874818495,,
0.564,0.06773,1.4908,67.73,,1.83078107560636,,
0.565,0.06806,1.4918,68.06,,1.83289194475979,,
0.566,0.06836,1.4928,68.36,,1.8348020540487,,
0.567,0.06868,1.4938,68.68,,1.83683028648888,,
0.568,0.06899,1.4948,68.99,,1.83878614494659,,
0.569,0.06932,1.4958,69.32,,1.84085855404188,,
0.57,0.06962,1.4968,69.62,,1.84273401894827,,
0.571,0.06995,1.4978,69.95,,1.84478771882785,,
0.572,0.07026,1.4988,70.26,,1.84670814545601,,
0.573,0.07057,1.4998,70.57,,1.84862011743413,,
0.574,0.0709,1.5008,70.9,,1.85064623518307,,
0.575,0.07122,1.5018,71.22,,1.85260196933823,,
0.576,0.07152,1.5028,71.52,,1.85442750578786,,
0.577,0.07183,1.5038,71.83,,1.8563058664333,,
0.578,0.07212,1.5048,72.12,,1.85805571805036,,
0.579,0.07242,1.5058,72.42,,1.85985852048099,,
0.58,0.07272,1.5068,72.72,,1.86165387021391,,
0.581,0.07303,1.5078,73.03,,1.86350130064145,,
0.582,0.07331,1.5088,73.31,,1.86516321950609,,
0.583,0.07361,1.5098,73.61,,1.86693681773164,,
0.584,0.07391,1.5108,73.91,,1.86870320227854,,
0.585,0.07421,1.5118,74.21,,1.87046243158892,,
0.586,0.07451,1.5128,74.51,,1.87221456339759,,
0.587,0.07481,1.5138,74.81,,1.87395965474335,,
0.588,0.07508,1.5148,75.08,,1.87552426394931,,
0.589,0.07536,1.5158,75.36,,1.87714088978482,,
0.59,0.07565,1.5168,75.65,,1.87880893235921,,
0.591,0.07594,1.5178,75.94,,1.88047059280378,,
0.592,0.07623,1.5188,76.23,,1.88212591977003,,
0.593,0.0765,1.5198,76.5,,1.88366143515362,,
0.594,0.07678,1.5208,76.78,,1.88524810778139,,
0.595,0.07705,1.5218,77.05,,1.88677264305444,,
0.596,0.07733,1.5228,77.33,,1.88834801017805,,
0.597,0.0776,1.5238,77.6,,1.88986172125819,,
0.598,0.07789,1.5248,77.89,,1.89148170383952,,
0.599,0.07815,1.5258,78.15,,1.89292898235521,,
0.6,0.07843,1.5268,78.43,,1.89448221501009,,
0.601,0.07869,1.5278,78.69,,1.89591954531002,,
0.602,0.07896,1.5288,78.96,,1.89740713966158,,
0.603,0.07921,1.5298,79.21,,1.89878001328983,,
0.604,0.07947,1.5308,79.47,,1.90020321301689,,
0.605,0.07971,1.5318,79.71,,1.90151280912994,,
0.606,0.07997,1.5328,79.97,,1.90292709601726,,
0.607,0.08022,1.5338,80.22,,1.90428265764563,,
0.608,0.08049,1.5348,80.49,,1.9057419273916,,
0.609,0.08073,1.5358,80.73,,1.90703495248342,,
0.61,0.08099,1.5368,80.99,,1.90843139896601,,
0.611,0.08123,1.5378,81.23,,1.90971645323434,,
0.612,0.08148,1.5388,81.48,,1.91105102032813,,
0.613,0.08171,1.5398,81.71,,1.91227521049881,,
0.614,0.08196,1.5408,81.96,,1.91360194972916,,
0.615,0.08218,1.5418,82.18,,1.91476613692585,,
0.616,0.08242,1.5428,82.42,,1.91603261018857,,
0.617,0.08265,1.5438,82.65,,1.91724285790747,,
0.618,0.08289,1.5448,82.89,,1.91850213963617,,
0.619,0.08311,1.5458,83.11,,1.91965328231036,,
0.62,0.08336,1.5468,83.36,,1.92095770595545,,
0.621,0.08356,1.5478,83.56,,1.92199843130827,,
0.622,0.08378,1.5488,83.78,,1.9231403560252,,
0.623,0.08398,1.5498,83.98,,1.92417587030192,,
0.624,0.08419,1.5508,84.19,,1.92526050951944,,
0.625,0.08439,1.5518,84.39,,1.92629098688486,,
0.626,0.08461,1.5528,84.61,,1.92742169505042,,
0.627,0.08479,1.5538,84.79,,1.92834463526486,,
0.628,0.085,1.5548,85.0,,1.92941892571429,,
0.629,0.08517,1.5558,85.17,,1.93028664724552,,
0.63,0.08538,1.5568,85.38,,1.93135615046793,,
0.631,0.08557,1.5578,85.57,,1.93232153198929,,
0.632,0.08577,1.5588,85.77,,1.93333541007765,,
0.633,0.08592,1.5598,85.92,,1.93409426835548,,
0.634,0.08611,1.5608,86.11,,1.93505358923106,,
0.635,0.08626,1.5618,86.26,,1.93580945380993,,
0.636,0.08644,1.5628,86.44,,1.9367147582112,,
0.637,0.08659,1.5638,86.59,,1.93746773964338,,
0.638,0.08676,1.5648,86.76,,1.93831954334216,,
0.639,0.08692,1.5658,86.92,,1.93911971764849,,
0.64,0.08711,1.5668,87.11,,1.94006801373935,,
0.641,0.08725,1.5678,87.25,,1.94076543563122,,
0.642,0.08743,1.5688,87.43,,1.94166047838839,,
0.643,0.08755,1.5698,87.55,,1.94225615041946,,
0.644,0.08771,1.5708,87.71,,1.94304911100841,,
0.645,0.08785,1.5718,87.85,,1.94374176583131,,
0.646,0.08799,1.5728,87.99,,1.94443331770021,,
0.647,0.0881,1.5738,88.1,,1.94497590841205,,
0.648,0.08824,1.5748,88.24,,1.94566549943213,,
0.649,0.08833,1.5758,88.33,,1.94610823043691,,
0.65,0.08847,1.5768,88.47,,1.94679602727146,,
0.651,0.0886,1.5778,88.6,,1.94743372188705,,
0.652,0.08873,1.5788,88.73,,1.94807048151894,,
0.653,0.08883,1.5798,88.83,,1.94855966210896,,
0.654,0.08896,1.5808,88.96,,1.94919477423798,,
0.655,0.08905,1.5818,89.05,,1.94963392379926,,
0.656,0.0892,1.5828,89.2,,1.95036485437612,,
0.657,0.08931,1.5838,89.31,,1.95090008936639,,
0.658,0.08945,1.5848,89.45,,1.95158034490339,,
0.659,0.08956,1.5858,89.56,,1.95211408490699,,
0.66,0.08969,1.5868,89.69,,1.9527440240149,,
0.661,0.08979,1.5878,89.79,,1.95322797155985,,
0.662,0.08992,1.5888,89.92,,1.95385629822499,,
0.663,0.09004,1.5898,90.04,,1.95443548632848,,
0.664,0.09017,1.5908,90.17,,1.95506206967503,,
0.665,0.0903,1.5918,90.3,,1.95568775031351,,
0.666,0.09043,1.5928,90.43,,1.95631253084119,,
0.667,0.09052,1.5938,90.52,,1.95674454528269,,
0.668,0.09067,1.5948,90.67,,1.95746361572993,,
0.669,0.09079,1.5958,90.79,,1.95803801609834,,
0.67,0.09094,1.5968,90.94,,1.95875494986909,,
0.671,0.09108,1.5978,91.08,,1.95942302194311,,
0.672,0.09122,1.5988,91.22,,1.96009006790492,,
0.673,0.09135,1.5998,91.35,,1.96070855168856,,
0.674,0.09152,1.6008,91.52,,1.96151601144895,,
0.675,0.09168,1.6018,91.68,,1.96227460462331,,
0.676,0.09185,1.6028,91.85,,1.96307916064183,,
0.677,0.09199,1.6038,91.99,,1.96374061885788,,
0.678,0.09214,1.6048,92.14,,1.96444820791666,,
0.679,0.09229,1.6058,92.29,,1.96515464598693,,
0.68,0.09248,1.6068,92.48,,1.96604782107645,,
0.681,0.09267,1.6078,92.67,,1.96693916302111,,
0.682,0.09289,1.6088,92.89,,1.96796896287869,,
0.683,0.09308,1.6098,93.08,,1.96885637461469,,
0.684,0.09329,1.6108,93.29,,1.9698350930758,,
0.685,0.0935,1.6118,93.5,,1.97081161087252,,
0.686,0.09372,1.6128,93.72,,1.97183227992493,,
0.687,0.09393,1.6138,93.93,,1.97280432233658,,
0.688,0.09419,1.6148,94.19,,1.97400479689741,,
0.689,0.09443,1.6158,94.43,,1.97510998968616,,
0.69,0.0947,1.6168,94.7,,1.97634997900327,,
0.691,0.09496,1.6178,94.96,,1.97754070594653,,
0.692,0.09524,1.6188,95.24,,1.97881938673284,,
0.693,0.0955,1.6198,95.5,,1.98000337158375,,
0.694,0.0958,1.6208,95.8,,1.98136550907854,,
0.695,0.09607,1.6218,96.07,,1.98258779070166,,
0.696,0.09636,1.6228,96.36,,1.98389679132631,,
0.697,0.09664,1.6238,96.64,,1.98515692127706,,
0.698,0.09697,1.6248,96.97,,1.98663739561015,,
0.699,0.09727,1.6258,97.27,,1.98797891587548,,
0.7,0.09763,1.6268,97.63,,1.98958328931101,,
0.701,0.09796,1.6278,97.96,,1.99104877645268,,
0.702,0.09832,1.6288,98.32,,1.9926418698784,,
0.703,0.09865,1.6298,98.65,,1.99409708958821,,
0.704,0.09902,1.6308,99.02,,1.99572292199547,,
0.705,0.09935,1.6318,99.35,,1.99716787144583,,
0.706,0.09971,1.6328,99.71,,1.99873871625582,,
0.707,0.1001,1.6338,100.1,,2.00043407747932,,
0.708,0.1004,1.6348,100.4,,2.001733712809,,
0.709,0.1008,1.6358,100.8,,2.00346053210951,,
0.71,0.1012,1.6368,101.2,,2.00518051250378,,
0.711,0.1015,1.6378,101.5,,2.00646604224923,,
0.712,0.1019,1.6388,101.9,,2.00817418400643,,
0.713,0.1023,1.6398,102.3,,2.00987563371216,,
0.714,0.1027,1.6408,102.7,,2.01157044359728,,
0.715,0.1031,1.6418,103.1,,2.01325866528352,,
0.716,0.1035,1.6428,103.5,,2.01494034979294,,
0.717,0.1039,1.6438,103.9,,2.01661554755718,,
0.718,0.1043,1.6448,104.3,,2.01828430842653,,
0.719,0.1047,1.6458,104.7,,2.01994668167884,,
0.72,0.1052,1.6468,105.2,,2.02201573981772,,
0.721,0.1056,1.6478,105.6,,2.02366391819779,,
0.722,0.106,1.6488,106.0,,2.02530586526477,,
0.723,0.1065,1.6498,106.5,,2.02734960777476,,
0.724,0.1069,1.6508,106.9,,2.02897770520878,,
0.725,0.1073,1.6518,107.3,,2.03059972196595,,
0.726,0.1077,1.6528,107.7,,2.03221570329798,,
0.727,0.1082,1.6538,108.2,,2.03422726077055,,
0.728,0.1086,1.6548,108.6,,2.03582982525283,,
0.729,0.109,1.6558,109.0,,2.03742649794062,,
0.73,0.1095,1.6568,109.5,,2.03941411917614,,
0.731,0.1099,1.6578,109.9,,2.04099769242349,,
0.732,0.1104,1.6588,110.4,,2.04296907339318,,
0.733,0.1109,1.6598,110.9,,2.04493154614916,,
0.734,0.1113,1.6608,111.3,,2.04649516433471,,
0.735,0.1118,1.6618,111.8,,2.0484418035504,,
0.736,0.1122,1.6628,112.2,,2.04999285692014,,
0.737,0.1127,1.6638,112.7,,2.05192391604611,,
0.738,0.1131,1.6648,113.1,,2.05346260492546,,
0.739,0.1136,1.6658,113.6,,2.055378331375,,
0.74,0.1141,1.6668,114.1,,2.05728564441821,,
0.741,0.1145,1.6678,114.5,,2.05880548667591,,
0.742,0.115,1.6688,115.0,,2.06069784035361,,
0.743,0.1155,1.6698,115.5,,2.06258198422816,,
0.744,0.116,1.6708,116.0,,2.06445798922692,,
0.745,0.1164,1.6718,116.4,,2.06595298031387,,
0.746,0.1169,1.6728,116.9,,2.06781451116184,,
0.747,0.1174,1.6738,117.4,,2.0696680969116,,
0.748,0.1178,1.6748,117.8,,2.07114529045108,,
0.749,0.1183,1.6758,118.3,,2.07298474462793,,
0.75,0.1188,1.6768,118.8,,2.07481644064517,,
0.751,0.1193,1.6778,119.3,,2.07664044367034,,
0.752,0.1198,1.6788,119.8,,2.07845681805329,,
0.753,0.1202,1.6798,120.2,,2.07990446766672,,
0.754,0.1207,1.6808,120.7,,2.08170727009735,,
0.755,0.1212,1.6818,121.2,,2.08350261983027,,
0.756,0.1217,1.6828,121.7,,2.08529057823006,,
0.757,0.1222,1.6838,122.2,,2.08707120590654,,
0.758,0.1227,1.6848,122.7,,2.088844562727,,
0.759,0.1232,1.6858,123.2,,2.09061070782841,,
0.76,0.1237,1.6868,123.7,,2.09236969962912,,
0.761,0.1242,1.6878,124.2,,2.09412159584056,,
0.762,0.1247,1.6888,124.7,,2.09586645347854,,
0.763,0.1252,1.6898,125.2,,2.09760432887441,,
0.764,0.1257,1.6908,125.7,,2.09933527768596,,
0.765,0.1262,1.6918,126.2,,2.10105935490812,,
0.766,0.1266,1.6928,126.6,,2.10243370568134,,
0.767,0.1272,1.6938,127.2,,2.10448711131239,,
0.768,0.1277,1.6948,127.7,,2.10619089726342,,
0.769,0.1282,1.6958,128.2,,2.1078880251828,,
0.77,0.1287,1.6968,128.7,,2.10957854690439,,
0.771,0.1292,1.6978,129.2,,2.11126251365907,,
0.772,0.1297,1.6988,129.7,,2.11293997608408,,
0.773,0.1302,1.6998,130.2,,2.11461098423217,,
0.774,0.1307,1.7008,130.7,,2.11627558758054,,
0.775,0.1312,1.7018,131.2,,2.11793383503964,,
0.776,0.1317,1.7028,131.7,,2.11958577496178,,
0.777,0.1322,1.7038,132.2,,2.12123145514962,,
0.778,0.1327,1.7048,132.7,,2.12287092286444,,
0.779,0.1332,1.7058,133.2,,2.12450422483428,,
0.78,0.1337,1.7068,133.7,,2.12613140726198,,
0.781,0.1342,1.7078,134.2,,2.12775251583297,,
0.782,0.1347,1.7088,134.7,,2.12936759572299,,
0.783,0.1352,1.7098,135.2,,2.13097669160562,,
0.784,0.1357,1.7108,135.7,,2.13257984765974,,
0.785,0.1362,1.7118,136.2,,2.13417710757677,,
0.786,0.1367,1.7128,136.7,,2.13576851456782,,
0.787,0.1373,1.7138,137.3,,2.13767053723675,,
0.788,0.1377,1.7148,137.7,,2.13893394025692,,
0.789,0.1382,1.7158,138.2,,2.14050804303818,,
0.79,0.1387,1.7168,138.7,,2.14207646107328,,
0.791,0.1392,1.7178,139.2,,2.14363923527454,,
0.792,0.1397,1.7188,139.7,,2.14519640611418,,
0.793,0.1402,1.7198,140.2,,2.14674801363064,,
0.794,0.1407,1.7208,140.7,,2.14829409743475,,
0.795,0.1412,1.7218,141.2,,2.14983469671578,,
0.796,0.1416,1.7228,141.6,,2.15106325335375,,
0.797,0.1422,1.7238,142.2,,2.15289959639375,,
0.798,0.1427,1.7248,142.7,,2.15442397311465,,
0.799,0.1432,1.7258,143.2,,2.15594301797184,,
0.8,0.1437,1.7268,143.7,,2.15745676813423,,
0.801,0.1442,1.7278,144.2,,2.15896526038341,,
0.802,0.1447,1.7288,144.7,,2.16046853111904,,
0.803,0.1452,1.7298,145.2,,2.16196661636407,,
0.804,0.1456,1.7308,145.6,,2.16316137497702,,
0.805,0.1461,1.7318,146.1,,2.1646502159343,,
0.806,0.1466,1.7328,146.6,,2.16613397030511,,
0.807,0.1472,1.7338,147.2,,2.16790781000148,,
0.808,0.1477,1.7348,147.7,,2.16938049531195,,
0.809,0.1482,1.7358,148.2,,2.17084820364331,,
0.81,0.1486,1.7368,148.6,,2.17201880942456,,
0.811,0.1491,1.7378,149.1,,2.17347764345299,,
0.812,0.1496,1.7388,149.6,,2.17493159352844,,
0.813,0.1502,1.7398,150.2,,2.17666993266815,,
0.814,0.1507,1.7408,150.7,,2.17811325231463,,
0.815,0.1512,1.7418,151.2,,2.17955179116519,,
0.816,0.1517,1.7428,151.7,,2.18098558078673,,
0.817,0.1522,1.7438,152.2,,2.18241465243455,,
0.818,0.1527,1.7448,152.7,,2.18383903705642,,
0.819,0.1533,1.7458,153.3,,2.18554215485437,,
0.82,0.1538,1.7468,153.8,,2.18695633546541,,
0.821,0.1543,1.7478,154.3,,2.18836592606315,,
0.822,0.1547,1.7488,154.7,,2.18949031369937,,
0.823,0.1552,1.7498,155.2,,2.19089171692217,,
0.824,0.1557,1.7508,155.7,,2.19228861256812,,
0.825,0.1562,1.7518,156.2,,2.19368102954128,,
0.826,0.1567,1.7528,156.7,,2.19506899646859,,
0.827,0.1572,1.7538,157.2,,2.19645254170339,,
0.828,0.1577,1.7548,157.7,,2.1978316933289,,
0.829,0.1582,1.7558,158.2,,2.19920647916166,,
0.83,0.1587,1.7568,158.7,,2.20057692675485,,
0.831,0.1592,1.7578,159.2,,2.20194306340165,,
0.832,0.1597,1.7588,159.7,,2.20330491613848,,
0.833,0.1601,1.7598,160.1,,2.2043913319193,,
0.834,0.1606,1.7608,160.6,,2.20574554094266,,
0.835,0.1612,1.7618,161.2,,2.20736503746907,,
0.836,0.1617,1.7628,161.7,,2.2087100199064,,
0.837,0.1622,1.7638,162.2,,2.21005084987514,,
0.838,0.1627,1.7648,162.7,,2.21138755293686,,
0.839,0.1633,1.7658,163.3,,2.21298618473667,,
0.84,0.1638,1.7668,163.8,,2.2143138974244,,
0.841,0.1643,1.7678,164.3,,2.21563756343506,,
0.842,0.1648,1.7688,164.8,,2.2169572073611,,
0.843,0.1653,1.7698,165.3,,2.21827285357145,,
0.844,0.1658,1.7708,165.8,,2.21958452621425,,
0.845,0.1663,1.7718,166.3,,2.22089224921952,,
0.846,0.1668,1.7728,166.8,,2.22219604630172,,
0.847,0.1673,1.7738,167.3,,2.22349594096239,,
0.848,0.1678,1.7748,167.8,,2.22479195649268,,
0.849,0.1683,1.7758,168.3,,2.22608411597582,,
0.85,0.1687,1.7768,168.7,,2.22711508258913,,
0.851,0.1692,1.7778,169.2,,2.228400358703,,
0.852,0.1698,1.7788,169.8,,2.22993768590793,,
0.853,0.1703,1.7798,170.3,,2.2312146479626,,
0.854,0.1708,1.7808,170.8,,2.23248786635299,,
0.855,0.1714,1.7818,171.4,,2.23401081758718,,
0.856,0.1718,1.7828,171.8,,2.23502315949522,,
0.857,0.1723,1.7838,172.3,,2.23628527744803,,
0.858,0.1728,1.7848,172.8,,2.23754373814287,,
0.859,0.1734,1.7858,173.4,,2.23904909314019,,
0.86,0.1739,1.7868,173.9,,2.24029958200271,,
0.861,0.1744,1.7878,174.4,,2.24154648059655,,
0.862,0.1749,1.7888,174.9,,2.24278980947868,,
0.863,0.1753,1.7898,175.3,,2.24378191609379,,
0.864,0.1758,1.7908,175.8,,2.24501887073775,,
0.865,0.1763,1.7918,176.3,,2.24625231229932,,
0.866,0.1768,1.7928,176.8,,2.24748226067705,,
0.867,0.1773,1.7938,177.3,,2.24870873560092,,
0.868,0.1778,1.7948,177.8,,2.24993175663419,,
0.869,0.1783,1.7958,178.3,,2.25115134317535,,
0.87,0.1789,1.7968,178.9,,2.25261034056737,,
0.871,0.1794,1.7978,179.4,,2.25382243870807,,
0.872,0.1799,1.7988,179.9,,2.25503116334555,,
0.873,0.1805,1.7998,180.5,,2.25647720624168,,
0.874,0.1811,1.8008,181.1,,2.25791845031406,,
0.875,0.1816,1.8018,181.6,,2.25911584418507,,
0.876,0.1821,1.8028,182.1,,2.26030994579492,,
0.877,0.1826,1.8038,182.6,,2.26150077319828,,
0.878,0.1831,1.8048,183.1,,2.2626883443017,,
0.879,0.1835,1.8058,183.5,,2.26363606858811,,
0.88,0.184,1.8068,184.0,,2.26481782300954,,
0.881,0.1845,1.8078,184.5,,2.26599637049508,,
0.882,0.185,1.8088,185.0,,2.26717172840301,,
0.883,0.1855,1.8098,185.5,,2.26834391395106,,
0.884,0.186,1.8108,186.0,,2.26951294421792,,
0.885,0.1865,1.8118,186.5,,2.27067883614471,,
0.886,0.1869,1.8128,186.9,,2.27160930137883,,
0.887,0.1874,1.8138,187.4,,2.27276958655176,,
0.888,0.188,1.8148,188.0,,2.27415784926368,,
0.889,0.1887,1.8158,188.7,,2.27577190016493,,
0.89,0.1894,1.8168,189.4,,2.27737997466725,,
0.891,0.19,1.8178,190.0,,2.27875360095283,,
0.892,0.1905,1.8188,190.5,,2.27989498001164,,
0.893,0.191,1.8198,191.0,,2.28103336724773,,
0.894,0.1915,1.8208,191.5,,2.28216877830464,,
0.895,0.192,1.8218,192.0,,2.28330122870355,,
0.896,0.1925,1.8228,192.5,,2.28443073384452,,
0.897,0.193,1.8238,193.0,,2.28555730900777,,
